group	k	best_d_recorded	distance_trials	code_id	n
C11	2	25	600000	C11_AAp11_0_0_0_1_1_3_BBp16_0_1_3_3_5_6_k2_d25	396
C11	4	27	600000	C11_AAp6_0_0_0_2_8_10_BBp8_0_1_1_5_5_8_k4_d27	396
C11	6	20	600000	C11_AAp11_0_0_0_1_1_9_BBp0_0_4_5_6_9_10_k6_d20	396
C11	8	24	600000	C11_AAp6_0_0_0_1_3_4_BBp6_0_3_5_8_8_10_k8_d24	396
C11	12	18	600000	C11_AAp6_0_0_0_1_4_5_BBp0_0_3_5_6_8_9_k12_d18	396
C12	2	37	400000	C12_AAp11_0_1_3_6_7_11_BBp27_0_2_4_5_5_8_k2_d37	432
C12	4	36	400000	C12_AAp14_0_2_5_5_6_8_BBp10_0_2_3_5_6_11_k4_d36	432
C12	6	30	400000	C12_AAp27_0_1_4_7_8_10_BBp11_0_0_1_2_5_7_k6_d30	432
C12	8	32	400000	C12_AAp17_0_1_2_4_5_10_BBp27_0_2_6_9_9_10_k8_d32	432
C12	10	31	400000	C12_AAp11_0_2_3_4_8_9_BBp11_0_1_1_2_4_10_k10_d31	432
C12	12	29	400000	C12_AAp6_0_1_2_5_7_9_BBp17_0_2_7_8_10_11_k12_d29	432
C12	14	27	400000	C12_AAp11_0_2_3_7_9_11_BBp11_0_2_8_10_11_11_k14_d27	432
C12	16	23	400000	C12_AAp6_0_2_4_7_8_9_BBp11_0_0_1_3_9_11_k16_d23	432
C15	2	44	200000	C15_AAp11_0_1_8_9_11_13_BBp8_0_1_2_10_10_12_k2_d44	540
C15	4	37	200000	C15_AAp10_0_0_1_12_13_13_BBp11_0_2_4_6_7_14_k4_d37	540
C15	6	32	200000	C15_AAp11_0_1_8_9_11_13_BBp11_0_0_1_11_11_13_k6_d32	540
C15	8	42	200000	C15_AAp16_0_1_3_4_8_14_BBp10_0_0_1_1_3_10_k8_d42	540
C2	2	8	400	C2_AAp11_0_0_0_0_0_1_BBp12_0_0_0_1_1_1_k2_d8	72
C2xC2	2	14	400	C2xC2_AAp12_0_0_0_1_2_2_BBp12_0_0_1_2_2_3_k2_d14	144
C2xC2	4	12	40000	C2xC2_AAp12_0_0_0_1_2_2_BBp6_0_0_0_1_2_3_k4_d12	144
C2xC2	6	12	200000	C2xC2_AAp12_0_0_0_1_2_2_BBp6_0_0_1_1_2_3_k6_d12	144
C2xC2	8	12	200000	C2xC2_AAp6_0_0_0_1_2_3_BBp6_0_0_1_1_2_3_k8_d12	144
C2xC2	10	10	8000	C2xC2_AAp6_0_0_1_1_2_3_BBp6_0_0_1_2_2_3_k10_d10	144
C2xC2	12	6	8000	C2xC2_AAp6_0_0_0_1_2_3_BBp6_0_0_0_1_2_3_k12_d6	144
C2xC2	13	3	400	C2xC2_AAp0_0_0_0_1_1_2_BBp15_0_0_1_2_3_3_k13_d3	144
C2xC2	14	6	400	C2xC2_AAp0_0_0_1_1_1_2_BBp6_0_0_1_1_2_3_k14_d6	144
C2xC2	16	6	400	C2xC2_AAp0_0_0_1_1_2_2_BBp6_0_0_0_1_2_3_k16_d6	144
C2xC2	18	6	400	C2xC2_AAp13_0_1_1_1_2_3_BBp13_0_1_1_1_2_3_k18_d6	144
C2xC2	20	4	400	C2xC2_AAp13_0_0_1_1_1_2_BBp13_0_1_1_1_1_2_k20_d4	144
C2xC2	21	3	400	C2xC2_AAp0_0_0_0_1_1_2_BBp13_0_0_2_2_2_3_k21_d3	144
C2xC2	22	4	400	C2xC2_AAp0_0_0_1_1_1_2_BBp13_0_0_1_1_1_2_k22_d4	144
C2xC2	23	3	400	C2xC2_AAp0_0_0_0_1_1_2_BBp13_0_0_1_1_1_2_k23_d3	144
C2xC2	24	4	400	C2xC2_AAp0_0_0_1_1_1_2_BBp13_0_1_1_1_1_2_k24_d4	144
C2xC2	26	4	400	C2xC2_AAp13_0_1_1_1_1_2_BBp13_0_1_1_1_1_2_k26_d4	144
C2xC2	27	3	400	C2xC2_AAp0_0_0_0_1_1_2_BBp13_0_1_1_1_1_2_k27_d3	144
C2xC2	28	4	400	C2xC2_AAp0_0_0_1_1_1_2_BBp0_0_0_1_1_1_2_k28_d4	144
C2xC2	30	4	400	C2xC2_AAp0_0_0_1_1_1_2_BBp0_0_1_1_1_1_2_k30_d4	144
C2xC2	32	4	400	C2xC2_AAp0_0_1_1_1_1_2_BBp6_0_0_0_0_0_0_k32_d4	144
C2xC2	34	4	400	C2xC2_AAp0_0_1_1_1_1_2_BBp0_0_1_1_1_1_3_k34_d4	144
C2xC2	36	4	400	C2xC2_AAp0_0_1_1_1_1_2_BBp0_0_1_1_1_1_2_k36_d4	144
C2xC2	38	3	400	C2xC2_AAp0_0_0_0_0_0_1_BBp0_0_0_0_1_1_2_k38_d3	144
C2xC2	40	3	400	C2xC2_AAp0_0_0_0_0_0_2_BBp0_0_1_1_1_1_2_k40_d3	144
C2xC2	42	3	400	C2xC2_AAp0_0_0_0_0_0_0_BBp13_0_1_1_1_1_2_k42_d3	144
C2xC2	44	3	400	C2xC2_AAp0_0_0_0_0_0_1_BBp0_0_0_0_0_1_1_k44_d3	144
C2xC2	48	3	400	C2xC2_AAp0_0_0_0_0_0_0_BBp0_0_1_1_1_1_2_k48_d3	144
C2xC2	50	3	400	C2xC2_AAp0_0_0_0_0_0_1_BBp0_0_0_0_0_0_2_k50_d3	144
C2xC2	52	3	400	C2xC2_AAp0_0_0_0_0_0_1_BBp0_0_0_0_0_0_1_k52_d3	144
C2xC2	60	3	400	C2xC2_AAp0_0_0_0_0_0_0_BBp0_0_0_0_0_0_1_k60_d3	144
C2xC2	72	3	400	C2xC2_AAp0_0_0_0_0_0_0_BBp0_0_0_0_0_0_0_k72_d3	144
C2xC2xC2	4	20	50000	C2xC2xC2_AAp11_0_0_1_2_2_7_BBp11_0_0_1_2_4_5_k4_d20	288
C2xC2xC2	8	20	50000	C2xC2xC2_AAp11_0_0_1_2_2_6_BBp6_0_1_2_4_5_7_k8_d20	288
C2xC2xC2	12	18	50000	C2xC2xC2_AAp15_0_1_2_3_4_7_BBp6_0_1_2_3_4_7_k12_d18	288
C2xC2xC2	14	12	100000	C2xC2xC2_AAp11_0_0_2_4_5_6_BBp11_0_0_2_5_6_7_k14_d12	288
C2xC2xC2	16	16	20000	C2xC2xC2_AAp6_0_1_2_3_4_6_BBp6_0_1_2_4_5_7_k16_d16	288
C2xC2xC2	18	15	100000	C2xC2xC2_AAp6_0_0_0_1_4_6_BBp6_0_1_2_3_5_6_k18_d15	288
C2xC2xC2	20	12	100000	C2xC2xC2_AAp0_0_1_2_2_4_5_BBp11_0_0_2_4_5_6_k20_d12	288
C2xC2xC2	24	12	100000	C2xC2xC2_AAp0_0_1_2_3_4_6_BBp6_0_1_2_3_4_6_k24_d12	288
C2xC2xC2	36	8	100000	C2xC2xC2_AAp0_0_1_2_3_4_6_BBp0_0_1_2_3_4_7_k36_d8	288
C2xC2xC2xC2	8	50	50000	C2xC2xC2xC2_AAp11_0_1_2_4_10_11_BBp11_0_1_11_12_13_14_k8_d50	576
C2xC2xC2xC2	12	27	50000	C2xC2xC2xC2_AAp6_0_3_4_5_6_9_BBp11_0_1_2_10_13_14_k12_d27	576
C2xC2xC2xC2	16	34	50000	C2xC2xC2xC2_AAp11_0_1_11_12_13_15_BBp11_0_1_2_4_11_14_k16_d34	576
C2xC6	2	35	200000	C2xC6_AAp11_0_2_4_5_6_7_BBp11_0_0_3_5_5_11_k2_d35	432
C2xC6	4	38	200000	C2xC6_AAp11_0_2_4_5_6_7_BBp14_0_1_3_4_6_11_k4_d38	432
C2xC6	6	28	200000	C2xC6_AAp15_0_0_1_7_10_10_BBp28_0_1_2_3_7_11_k6_d28	432
C2xC6	8	35	200000	C2xC6_AAp15_0_4_5_6_10_11_BBp21_0_4_6_7_9_10_k8_d35	432
C2xC6	10	24	200000	C2xC6_AAp11_0_0_1_1_3_10_BBp11_0_0_1_1_6_7_k10_d24	432
C2xC6	12	29	200000	C2xC6_AAp14_0_2_3_5_9_10_BBp21_0_4_6_7_9_10_k12_d29	432
C2xC6	14	21	200000	C2xC6_AAp23_0_4_6_7_8_11_BBp15_0_3_7_7_8_8_k14_d21	432
C2xC6	16	27	200000	C2xC6_AAp14_0_2_3_5_6_7_BBp21_0_2_3_5_6_8_k16_d27	432
C2xC6	18	19	200000	C2xC6_AAp15_0_0_1_7_8_8_BBp15_0_1_6_7_9_10_k18_d19	432
C2xC6	20	16	200000	C2xC6_AAp2_0_7_8_8_9_11_BBp16_0_1_5_8_9_10_k20_d16	432
C6	2	19	20000	C6_AAp8_0_1_2_2_4_4_BBp11_0_1_2_3_3_4_k2_d19	216
C6	4	18	20000	C6_AAp10_0_1_3_3_4_5_BBp8_0_0_1_2_4_5_k4_d18	216
C6	6	16	100000	C6_AAp11_0_0_2_2_3_5_BBp11_0_0_2_3_3_4_k6_d16	216
C6	8	16	100000	C6_AAp10_0_1_3_3_4_5_BBp11_0_0_1_3_3_5_k8_d16	216
C6	10	16	100000	C6_AAp27_0_0_1_1_2_3_BBp11_0_0_2_3_3_4_k10_d16	216
C7	2	21	600000	C7_AAp11_0_0_1_3_4_6_BBp8_0_2_3_5_5_6_k2_d21	252
C7	4	20	600000	C7_AAp6_0_0_0_1_2_3_BBp8_0_2_3_5_5_6_k4_d20	252
C7	6	20	600000	C7_AAp24_0_0_2_3_6_6_BBp10_0_2_2_3_4_6_k6_d20	252
C7	8	18	600000	C7_AAp6_0_0_0_1_2_3_BBp6_0_2_3_5_5_6_k8_d18	252
C7	10	17	600000	C7_AAp11_0_0_1_1_3_4_BBp6_0_0_0_4_5_6_k10_d17	252
C7	12	16	600000	C7_AAp10_0_1_2_2_4_6_BBp25_0_0_1_3_4_6_k12_d16	252
C7	14	14	600000	C7_AAp6_0_0_1_2_2_5_BBp6_0_0_0_2_3_6_k14_d14	252
C7	16	13	600000	C7_AAp6_0_1_2_3_4_5_BBp28_0_0_1_2_5_6_k16_d13	252
C7	18	12	600000	C7_AAp0_0_1_2_3_4_5_BBp6_0_1_2_3_5_6_k18_d12	252
C7	20	12	600000	C7_AAp6_0_1_2_3_4_5_BBp13_0_1_1_4_5_6_k20_d12	252
SmallGroup_10_1_	2	23	200000	SmallGroup_10_1__AAp11_0_0_1_2_2_3_BBp11_0_1_2_3_7_8_k2_d23	360
SmallGroup_10_1_	4	24	200000	SmallGroup_10_1__AAp10_0_0_1_1_2_3_BBp11_0_1_2_3_7_8_k4_d24	360
SmallGroup_10_2_	2	24	200000	SmallGroup_10_2__AAp27_0_1_2_2_4_9_BBp27_0_1_3_4_6_6_k2_d24	360
SmallGroup_10_2_	4	22	200000	SmallGroup_10_2__AAp27_0_1_2_2_4_9_BBp11_0_0_1_2_2_3_k4_d22	360
SmallGroup_10_2_	6	21	200000	SmallGroup_10_2__AAp29_0_0_3_3_7_8_BBp27_0_1_3_4_6_7_k6_d21	360
SmallGroup_10_2_	8	24	200000	SmallGroup_10_2__AAp27_0_1_2_2_4_9_BBp17_0_1_2_3_8_9_k8_d24	360
SmallGroup_10_2_	16	22	200000	SmallGroup_10_2__AAp27_0_1_2_2_5_9_BBp17_0_1_4_5_6_7_k16_d22	360
SmallGroup_12_1_	2	34	200000	SmallGroup_12_1__AAp11_0_0_1_7_8_10_BBp10_0_0_1_2_10_10_k2_d34	432
SmallGroup_12_1_	4	29	200000	SmallGroup_12_1__AAp11_0_0_1_7_8_10_BBp11_0_1_2_4_7_9_k4_d29	432
SmallGroup_12_2_	2	30	200000	SmallGroup_12_2__AAp11_0_0_2_2_3_4_BBp11_0_0_1_6_10_11_k2_d30	432
SmallGroup_12_2_	4	32	200000	SmallGroup_12_2__AAp14_0_1_5_6_8_11_BBp10_0_0_1_6_10_10_k4_d32	432
SmallGroup_12_2_	6	26	200000	SmallGroup_12_2__AAp15_0_0_4_4_6_8_BBp11_0_0_1_6_10_11_k6_d26	432
SmallGroup_12_2_	8	24	200000	SmallGroup_12_2__AAp10_0_0_1_2_3_4_BBp10_0_1_4_5_7_9_k8_d24	432
SmallGroup_12_2_	12	28	200000	SmallGroup_12_2__AAp11_0_3_4_5_5_11_BBp10_0_1_4_5_7_9_k12_d28	432
SmallGroup_12_3_	4	33	200000	SmallGroup_12_3__AAp10_0_3_4_7_8_11_BBp11_0_0_1_1_11_11_k4_d33	432
SmallGroup_12_3_	8	31	200000	SmallGroup_12_3__AAp10_0_3_4_7_8_11_BBp6_0_0_1_2_3_4_k8_d31	432
SmallGroup_12_4_	2	29	200000	SmallGroup_12_4__AAp15_0_1_5_6_10_11_BBp10_0_0_1_1_2_10_k2_d29	432
SmallGroup_12_4_	4	25	200000	SmallGroup_12_4__AAp10_0_0_1_1_2_10_BBp16_0_1_4_6_7_9_k4_d25	432
SmallGroup_12_5_	2	28	200000	SmallGroup_12_5__AAp20_0_0_6_7_8_11_BBp11_0_0_1_2_2_5_k2_d28	432
SmallGroup_12_5_	4	27	200000	SmallGroup_12_5__AAp15_0_0_5_8_10_10_BBp11_0_0_1_2_2_5_k4_d27	432
SmallGroup_12_5_	8	24	200000	SmallGroup_12_5__AAp10_0_1_3_4_5_8_BBp10_0_0_1_3_3_6_k8_d24	432
SmallGroup_14_1_	2	30	200000	SmallGroup_14_1__AAp11_0_0_1_10_10_11_BBp27_0_1_2_2_6_10_k2_d30	504
SmallGroup_14_2_	2	30	200000	SmallGroup_14_2__AAp11_0_0_2_2_4_13_BBp11_0_1_6_8_12_13_k2_d30	504
SmallGroup_14_2_	6	28	200000	SmallGroup_14_2__AAp10_0_0_3_5_10_13_BBp10_0_0_2_6_6_9_k6_d28	504
SmallGroup_15_1_	2	53	600000	SmallGroup_15_1__AAp27_0_1_6_6_7_12_BBp8_0_1_6_8_9_10_k2_d53	540
SmallGroup_15_1_	4	52	600000	SmallGroup_15_1__AAp27_0_5_6_6_7_14_BBp6_0_2_3_6_8_12_k4_d52	540
SmallGroup_15_1_	6	46	600000	SmallGroup_15_1__AAp11_0_6_7_7_12_13_BBp15_0_0_1_7_9_11_k6_d46	540
SmallGroup_15_1_	8	48	200000	SmallGroup_15_1__AAp11_0_4_5_5_10_14_BBp10_0_1_2_4_9_14_k8_d48	540
SmallGroup_15_1_	10	39	600000	SmallGroup_15_1__AAp11_0_4_5_5_10_14_BBp27_0_1_4_6_7_10_k10_d39	540
SmallGroup_15_1_	12	37	600000	SmallGroup_15_1__AAp10_0_2_3_5_6_9_BBp15_0_0_1_10_10_14_k12_d37	540
SmallGroup_15_1_	14	31	600000	SmallGroup_15_1__AAp11_0_4_9_9_10_14_BBp27_0_1_2_9_14_14_k14_d31	540
SmallGroup_15_1_	16	35	600000	SmallGroup_15_1__AAp10_0_3_4_10_11_14_BBp27_0_4_5_5_10_12_k16_d35	540
SmallGroup_15_1_	18	28	600000	SmallGroup_15_1__AAp19_0_1_4_8_12_14_BBp27_0_4_5_5_10_12_k18_d28	540
SmallGroup_15_1_	20	24	600000	SmallGroup_15_1__AAp6_0_1_2_12_13_14_BBp8_0_0_2_10_12_14_k20_d24	540
SmallGroup_15_1_	22	25	600000	SmallGroup_15_1__AAp27_0_1_6_6_7_12_BBp0_0_1_5_5_9_10_k22_d25	540
SmallGroup_15_1_	24	21	600000	SmallGroup_15_1__AAp6_0_1_5_7_11_13_BBp6_0_1_2_3_11_11_k24_d21	540
SmallGroup_15_1_	26	20	600000	SmallGroup_15_1__AAp0_0_1_2_2_7_11_BBp8_0_4_5_5_6_11_k26_d20	540
SmallGroup_15_1_	28	24	600000	SmallGroup_15_1__AAp6_0_2_4_7_9_12_BBp0_0_4_5_5_7_13_k28_d24	540
SmallGroup_16_1_	2	63	1000000	SmallGroup_16_1__AAp20_0_1_2_5_7_11_BBp20_0_1_5_6_8_12_k2_d63	576
SmallGroup_16_1_	4	59	1000000	SmallGroup_16_1__AAp11_0_1_5_9_12_15_BBp11_0_1_3_6_11_13_k4_d59	576
SmallGroup_16_1_	6	47	1000000	SmallGroup_16_1__AAp11_0_1_6_9_11_13_BBp6_0_6_8_9_9_14_k6_d47	576
SmallGroup_16_1_	8	54	1000000	SmallGroup_16_1__AAp27_0_1_2_2_3_12_BBp11_0_2_4_6_14_15_k8_d54	576
SmallGroup_16_1_	10	48	2000000	SmallGroup_16_1__AAp11_0_1_5_8_12_15_BBp20_0_6_8_10_11_14_k10_d48	576
SmallGroup_16_1_	12	48	1000000	SmallGroup_16_1__AAp27_0_1_2_2_3_12_BBp20_0_7_8_10_12_14_k12_d48	576
SmallGroup_16_1_	14	35	1000000	SmallGroup_16_1__AAp22_0_5_8_9_12_13_BBp20_0_6_8_10_11_14_k14_d35	576
SmallGroup_16_1_	16	35	1000000	SmallGroup_16_1__AAp11_0_5_8_10_13_14_BBp16_0_6_10_11_13_15_k16_d35	576
SmallGroup_16_1_	18	38	1400000	SmallGroup_16_1__AAp11_0_1_2_4_5_14_BBp27_0_5_10_10_11_14_k18_d40	576
SmallGroup_16_1_	20	31	1000000	SmallGroup_16_1__AAp11_0_1_4_6_7_15_BBp27_0_2_3_3_7_13_k20_d31	576
SmallGroup_16_1_	22	30	1000000	SmallGroup_16_1__AAp11_0_5_7_10_12_15_BBp20_0_3_5_9_10_12_k22_d30	576
SmallGroup_16_1_	24	24	1000000	SmallGroup_16_1__AAp0_0_2_6_6_8_10_BBp27_0_2_3_3_7_13_k24_d24	576
SmallGroup_16_1_	26	20	1400000	SmallGroup_16_1__AAp0_0_6_7_8_9_11_BBp27_0_3_4_4_13_15_k26_d20	576
SmallGroup_16_1_	28	20	1400000	SmallGroup_16_1__AAp8_0_4_12_12_13_15_BBp27_0_3_4_4_13_15_k28_d20	576
SmallGroup_16_1_	32	18	1400000	SmallGroup_16_1__AAp1_0_1_7_8_14_15_BBp27_0_3_4_4_13_15_k32_d18	576
SmallGroup_16_2_	2	55	1000000	SmallGroup_16_2__AAp11_0_0_1_2_5_7_BBp11_0_7_11_12_14_15_k2_d55	576
SmallGroup_16_2_	4	60	1000000	SmallGroup_16_2__AAp6_0_1_3_8_12_13_BBp11_0_3_5_7_9_12_k4_d60	576
SmallGroup_16_2_	6	52	1000000	SmallGroup_16_2__AAp6_0_1_2_4_9_15_BBp27_0_3_5_12_13_14_k6_d52	576
SmallGroup_16_2_	8	48	1000000	SmallGroup_16_2__AAp6_0_1_2_5_8_14_BBp6_0_1_2_9_12_13_k8_d48	576
SmallGroup_16_2_	10	41	1000000	SmallGroup_16_2__AAp11_0_0_1_2_10_13_BBp6_0_1_2_3_12_15_k10_d41	576
SmallGroup_16_2_	12	43	1000000	SmallGroup_16_2__AAp6_0_1_3_8_10_11_BBp6_0_1_2_3_9_13_k12_d43	576
SmallGroup_16_2_	14	38	1000000	SmallGroup_16_2__AAp15_0_1_2_4_7_11_BBp15_0_0_1_2_5_11_k14_d38	576
SmallGroup_16_2_	16	36	1000000	SmallGroup_16_2__AAp15_0_2_5_6_7_10_BBp6_0_1_2_4_5_6_k16_d36	576
SmallGroup_16_2_	18	29	1000000	SmallGroup_16_2__AAp15_0_1_6_10_11_15_BBp15_0_0_5_11_13_14_k18_d29	576
SmallGroup_16_2_	20	34	1000000	SmallGroup_16_2__AAp6_0_1_2_4_8_13_BBp6_0_1_3_7_11_12_k20_d34	576
SmallGroup_16_2_	22	24	1000000	SmallGroup_16_2__AAp11_0_1_2_6_7_12_BBp8_0_2_3_4_6_12_k22_d24	576
SmallGroup_16_2_	24	24	1000000	SmallGroup_16_2__AAp11_0_1_2_5_6_13_BBp0_0_1_2_5_7_8_k24_d24	576
SmallGroup_16_2_	26	24	1000000	SmallGroup_16_2__AAp11_0_2_3_11_13_15_BBp8_0_2_3_4_6_12_k26_d24	576
SmallGroup_17_1_	2	79	100000	SmallGroup_17_1__AAp11_0_9_10_12_15_16_BBp12_0_1_3_4_7_9_k2_d79	612
SmallGroup_17_1_	4	57	100000	SmallGroup_17_1__AAp11_0_1_4_6_7_16_BBp6_0_5_7_12_12_14_k4_d57	612
SmallGroup_17_1_	6	41	100000	SmallGroup_17_1__AAp11_0_3_4_5_14_15_BBp0_0_3_5_7_13_15_k6_d41	612
SmallGroup_17_1_	8	27	100000	SmallGroup_17_1__AAp29_0_5_9_9_10_11_BBp6_0_5_7_12_12_14_k8_d27	612
SmallGroup_17_1_	12	24	100000	SmallGroup_17_1__AAp0_0_1_3_3_7_14_BBp6_0_1_2_10_10_11_k12_d24	612
SmallGroup_17_1_	18	51	100000	SmallGroup_17_1__AAp11_0_1_10_11_12_15_BBp15_0_1_2_3_5_15_k18_d51	612
SmallGroup_17_1_	20	26	100000	SmallGroup_17_1__AAp29_0_1_6_6_9_16_BBp15_0_2_4_6_10_13_k20_d26	612
SmallGroup_17_1_	22	22	100000	SmallGroup_17_1__AAp0_0_3_11_11_12_16_BBp15_0_2_10_12_14_15_k22_d22	612
SmallGroup_17_1_	28	16	100000	SmallGroup_17_1__AAp29_0_5_9_9_10_11_BBp0_0_1_3_5_13_15_k28_d16	612
SmallGroup_17_1_	34	13	100000	SmallGroup_17_1__AAp27_0_0_7_7_10_13_BBp28_0_0_3_6_11_14_k34_d13	612
SmallGroup_17_1_	36	13	100000	SmallGroup_17_1__AAp29_0_1_5_5_9_14_BBp28_0_0_3_6_11_14_k36_d13	612
SmallGroup_17_1_	38	12	100000	SmallGroup_17_1__AAp0_0_2_4_11_13_15_BBp28_0_0_3_6_11_14_k38_d12	612
SmallGroup_17_1_	44	10	100000	SmallGroup_17_1__AAp6_0_0_2_2_13_15_BBp0_0_0_1_10_11_11_k44_d10	612
SmallGroup_17_1_	50	10	100000	SmallGroup_17_1__AAp0_0_3_7_9_13_16_BBp0_0_0_1_10_12_12_k50_d10	612
SmallGroup_18_1_	2	87	100000	SmallGroup_18_1__AAp11_0_2_3_4_11_13_BBp11_0_1_4_7_11_17_k2_d87	648
SmallGroup_18_1_	4	80	100000	SmallGroup_18_1__AAp11_0_10_11_12_15_17_BBp11_0_2_10_11_13_16_k4_d80	648
SmallGroup_18_1_	6	65	100000	SmallGroup_18_1__AAp11_0_1_4_7_11_17_BBp27_0_1_5_5_14_17_k6_d65	648
SmallGroup_18_1_	8	78	100000	SmallGroup_18_1__AAp11_0_2_10_11_13_16_BBp11_0_2_3_4_11_13_k8_d78	648
SmallGroup_18_1_	10	62	100000	SmallGroup_18_1__AAp11_0_1_9_10_11_12_BBp11_0_5_8_11_12_14_k10_d62	648
SmallGroup_18_1_	12	68	50000	SmallGroup_18_1__AAp11_0_2_11_12_13_14_BBp11_0_1_4_7_11_14_k12_d68	648
SmallGroup_18_1_	14	50	100000	SmallGroup_18_1__AAp11_0_2_3_4_11_13_BBp8_0_2_4_4_11_17_k14_d50	648
SmallGroup_18_1_	16	40	100000	SmallGroup_18_1__AAp11_0_2_3_10_13_17_BBp8_0_2_4_4_11_17_k16_d40	648
SmallGroup_18_1_	18	38	100000	SmallGroup_18_1__AAp6_0_2_3_7_12_14_BBp8_0_2_4_4_11_17_k18_d38	648
SmallGroup_18_1_	20	31	100000	SmallGroup_18_1__AAp11_0_2_3_10_13_17_BBp11_0_2_3_8_13_14_k20_d31	648
SmallGroup_18_1_	22	20	100000	SmallGroup_18_1__AAp8_0_3_6_6_8_12_BBp6_0_1_4_9_10_14_k22_d20	648
SmallGroup_18_1_	24	18	100000	SmallGroup_18_1__AAp8_0_3_6_6_8_12_BBp3_0_3_5_6_7_17_k24_d18	648
SmallGroup_18_1_	26	20	100000	SmallGroup_18_1__AAp8_0_3_6_6_8_12_BBp11_0_2_3_8_13_14_k26_d20	648
SmallGroup_18_1_	28	20	100000	SmallGroup_18_1__AAp8_0_3_6_6_8_12_BBp8_0_2_4_4_11_17_k28_d20	648
SmallGroup_18_1_	30	18	100000	SmallGroup_18_1__AAp8_0_3_6_6_8_12_BBp2_0_2_6_6_10_12_k30_d18	648
SmallGroup_18_1_	32	14	100000	SmallGroup_18_1__AAp0_0_2_4_4_12_16_BBp8_0_2_4_4_11_17_k32_d14	648
SmallGroup_18_1_	34	12	100000	SmallGroup_18_1__AAp6_0_1_10_10_11_15_BBp0_0_2_3_6_7_12_k34_d12	648
SmallGroup_18_1_	36	16	100000	SmallGroup_18_1__AAp8_0_3_6_6_8_12_BBp8_0_2_12_12_15_17_k36_d16	648
SmallGroup_18_1_	38	12	100000	SmallGroup_18_1__AAp0_0_2_4_4_12_16_BBp7_0_1_5_8_11_15_k38_d12	648
SmallGroup_18_1_	40	14	100000	SmallGroup_18_1__AAp0_0_2_4_4_12_16_BBp8_0_1_6_6_8_15_k40_d14	648
SmallGroup_18_1_	42	12	100000	SmallGroup_18_1__AAp29_0_5_8_8_10_11_BBp0_0_2_3_6_7_12_k42_d12	648
SmallGroup_18_1_	44	12	100000	SmallGroup_18_1__AAp8_0_3_6_6_8_12_BBp0_0_2_3_6_7_12_k44_d12	648
SmallGroup_18_1_	46	9	100000	SmallGroup_18_1__AAp0_0_1_5_14_15_17_BBp0_0_2_3_6_7_12_k46_d9	648
SmallGroup_18_1_	48	9	100000	SmallGroup_18_1__AAp0_0_2_3_6_7_12_BBp2_0_3_6_9_14_17_k48_d9	648
SmallGroup_18_1_	50	9	100000	SmallGroup_18_1__AAp0_0_1_2_3_7_13_BBp0_0_2_3_6_7_12_k50_d9	648
SmallGroup_18_1_	52	9	100000	SmallGroup_18_1__AAp0_0_0_3_3_5_8_BBp0_0_4_5_10_11_17_k52_d9	648
SmallGroup_18_1_	54	9	100000	SmallGroup_18_1__AAp0_0_1_3_3_7_8_BBp0_0_2_3_6_7_12_k54_d9	648
SmallGroup_18_1_	56	12	100000	SmallGroup_18_1__AAp0_0_2_4_4_12_16_BBp0_0_2_3_6_7_12_k56_d12	648
SmallGroup_18_1_	62	8	100000	SmallGroup_18_1__AAp0_0_0_3_3_5_8_BBp0_0_2_3_6_7_12_k62_d8	648
SmallGroup_18_1_	64	9	100000	SmallGroup_18_1__AAp29_0_1_5_5_8_11_BBp0_0_2_3_6_7_12_k64_d9	648
SmallGroup_18_1_	68	8	100000	SmallGroup_18_1__AAp0_0_2_3_6_7_12_BBp0_0_2_3_12_13_16_k68_d8	648
SmallGroup_19_1_	2	32	100000	SmallGroup_19_1__AAp11_0_0_0_0_0_9_BBp16_0_1_4_4_7_8_k2_d32	684
SmallGroup_19_1_	4	31	100000	SmallGroup_19_1__AAp6_0_0_0_0_10_10_BBp16_0_1_4_4_7_8_k4_d31	684
SmallGroup_19_1_	6	23	100000	SmallGroup_19_1__AAp0_0_2_3_6_7_9_BBp27_0_8_8_17_17_18_k6_d23	684
SmallGroup_19_1_	8	24	100000	SmallGroup_19_1__AAp6_0_0_0_0_11_11_BBp6_0_5_9_14_14_18_k8_d24	684
SmallGroup_19_1_	12	23	100000	SmallGroup_19_1__AAp0_0_1_3_11_13_14_BBp6_0_5_6_10_10_15_k12_d23	684
SmallGroup_19_1_	18	17	100000	SmallGroup_19_1__AAp0_0_4_5_10_11_15_BBp0_0_2_7_9_12_14_k18_d17	684
SmallGroup_19_1_	38	13	100000	SmallGroup_19_1__AAp27_0_0_7_7_12_17_BBp28_0_0_1_4_15_18_k38_d13	684
SmallGroup_19_1_	40	13	100000	SmallGroup_19_1__AAp6_0_4_9_9_13_14_BBp28_0_0_1_4_15_18_k40_d13	684
SmallGroup_19_1_	42	12	100000	SmallGroup_19_1__AAp0_0_1_2_12_13_14_BBp28_0_0_2_4_15_17_k42_d12	684
SmallGroup_19_1_	44	10	100000	SmallGroup_19_1__AAp29_0_3_7_7_11_18_BBp2_0_0_5_5_11_11_k44_d10	684
SmallGroup_19_1_	48	10	100000	SmallGroup_19_1__AAp6_0_4_9_9_13_14_BBp0_0_0_1_10_12_12_k48_d10	684
SmallGroup_19_1_	54	9	100000	SmallGroup_19_1__AAp0_0_2_4_6_8_10_BBp0_0_0_1_10_11_11_k54_d9	684
SmallGroup_1_1_	2	4	20000	SmallGroup_1_1__AAp11_0_0_0_0_0_0_BBp11_0_0_0_0_0_0_k2_d4	36
SmallGroup_1_1_	4	4	20000	SmallGroup_1_1__AAp11_0_0_0_0_0_0_BBp6_0_0_0_0_0_0_k4_d4	36
SmallGroup_1_1_	6	3	20000	SmallGroup_1_1__AAp0_0_0_0_0_0_0_BBp11_0_0_0_0_0_0_k6_d3	36
SmallGroup_1_1_	8	4	20000	SmallGroup_1_1__AAp6_0_0_0_0_0_0_BBp6_0_0_0_0_0_0_k8_d4	36
SmallGroup_1_1_	12	3	20000	SmallGroup_1_1__AAp0_0_0_0_0_0_0_BBp6_0_0_0_0_0_0_k12_d3	36
SmallGroup_1_1_	18	3	20000	SmallGroup_1_1__AAp0_0_0_0_0_0_0_BBp0_0_0_0_0_0_0_k18_d3	36
SmallGroup_2_1_	2	8	20000	SmallGroup_2_1__AAp11_0_0_0_0_0_1_BBp12_0_0_0_1_1_1_k2_d8	72
SmallGroup_2_1_	4	8	20000	SmallGroup_2_1__AAp12_0_0_0_1_1_1_BBp6_0_0_0_0_1_1_k4_d8	72
SmallGroup_2_1_	6	4	20000	SmallGroup_2_1__AAp12_0_0_0_1_1_1_BBp6_0_0_0_0_0_1_k6_d4	72
SmallGroup_2_1_	8	8	20000	SmallGroup_2_1__AAp6_0_0_0_0_1_1_BBp6_0_0_0_1_1_1_k8_d8	72
SmallGroup_2_1_	10	4	20000	SmallGroup_2_1__AAp6_0_0_0_0_0_1_BBp6_0_0_0_0_0_1_k10_d4	72
SmallGroup_2_1_	12	4	20000	SmallGroup_2_1__AAp6_0_0_0_0_0_0_BBp6_0_0_0_0_0_1_k12_d4	72
SmallGroup_2_1_	16	4	20000	SmallGroup_2_1__AAp6_0_0_0_0_0_0_BBp6_0_0_0_0_0_0_k16_d4	72
SmallGroup_3_1_	2	12	20000	SmallGroup_3_1__AAp12_0_0_0_1_1_2_BBp12_0_0_0_2_2_2_k2_d12	108
SmallGroup_3_1_	4	11	20000	SmallGroup_3_1__AAp14_0_0_0_1_1_1_BBp14_0_0_0_2_2_2_k4_d11	108
SmallGroup_3_1_	6	8	20000	SmallGroup_3_1__AAp15_0_0_1_1_2_2_BBp24_0_0_1_1_2_2_k6_d8	108
SmallGroup_3_1_	8	8	20000	SmallGroup_3_1__AAp6_0_0_0_0_1_1_BBp6_0_0_1_2_2_2_k8_d8	108
SmallGroup_3_1_	10	6	20000	SmallGroup_3_1__AAp0_0_0_1_1_2_2_BBp8_0_0_0_0_1_2_k10_d6	108
SmallGroup_3_1_	12	6	20000	SmallGroup_3_1__AAp0_0_0_1_1_1_2_BBp6_0_0_1_2_2_2_k12_d6	108
SmallGroup_4_1_	2	13	20000	SmallGroup_4_1__AAp11_0_0_1_2_3_3_BBp27_0_1_2_2_3_3_k2_d13	144
SmallGroup_4_1_	4	12	20000	SmallGroup_4_1__AAp11_0_0_1_2_2_3_BBp20_0_0_0_1_2_3_k4_d12	144
SmallGroup_4_1_	6	12	20000	SmallGroup_4_1__AAp12_0_0_0_1_3_3_BBp20_0_0_0_1_2_3_k6_d12	144
SmallGroup_4_1_	8	11	20000	SmallGroup_4_1__AAp6_0_0_1_2_2_3_BBp6_0_0_0_1_2_3_k8_d11	144
SmallGroup_4_1_	10	10	20000	SmallGroup_4_1__AAp29_0_0_1_1_2_3_BBp20_0_0_0_1_2_3_k10_d10	144
SmallGroup_4_1_	12	8	20000	SmallGroup_4_1__AAp6_0_0_1_1_2_3_BBp0_0_0_1_1_2_3_k12_d8	144
SmallGroup_4_1_	16	8	20000	SmallGroup_4_1__AAp6_0_0_0_0_2_2_BBp6_0_0_1_1_2_2_k16_d8	144
SmallGroup_4_2_	2	12	20000	SmallGroup_4_2__AAp12_0_0_0_1_2_2_BBp12_0_0_0_1_3_3_k2_d12	144
SmallGroup_4_2_	4	12	20000	SmallGroup_4_2__AAp12_0_0_0_1_2_2_BBp6_0_0_0_1_2_3_k4_d12	144
SmallGroup_4_2_	6	12	20000	SmallGroup_4_2__AAp12_0_0_0_1_2_2_BBp6_0_0_1_1_2_3_k6_d12	144
SmallGroup_4_2_	8	12	20000	SmallGroup_4_2__AAp6_0_0_0_1_2_3_BBp6_0_0_1_1_2_3_k8_d12	144
SmallGroup_4_2_	10	10	20000	SmallGroup_4_2__AAp6_0_0_1_1_2_3_BBp6_0_0_1_2_2_3_k10_d10	144
SmallGroup_4_2_	12	8	20000	SmallGroup_4_2__AAp13_0_1_1_2_2_3_BBp6_0_0_1_1_2_3_k12_d8	144
SmallGroup_4_2_	16	8	20000	SmallGroup_4_2__AAp13_0_1_1_2_2_3_BBp29_0_0_1_1_3_3_k16_d8	144
SmallGroup_5_1_	2	17	100000	SmallGroup_5_1__AAp12_0_0_0_1_2_4_BBp20_0_1_2_3_3_3_k2_d17	180
SmallGroup_5_1_	4	14	100000	SmallGroup_5_1__AAp27_0_0_1_1_2_4_BBp6_0_0_0_1_2_3_k4_d14	180
SmallGroup_5_1_	6	11	100000	SmallGroup_5_1__AAp8_0_0_1_1_2_4_BBp0_0_0_1_1_2_4_k6_d11	180
SmallGroup_5_1_	8	14	100000	SmallGroup_5_1__AAp17_0_0_1_1_2_2_BBp17_0_0_2_2_3_3_k8_d14	180
SmallGroup_5_1_	10	12	100000	SmallGroup_5_1__AAp16_0_1_2_3_3_4_BBp28_0_0_1_2_3_4_k10_d12	180
SmallGroup_5_1_	12	11	100000	SmallGroup_5_1__AAp29_0_0_1_1_3_4_BBp27_0_0_1_1_2_4_k12_d11	180
SmallGroup_5_1_	14	10	100000	SmallGroup_5_1__AAp27_0_0_1_1_2_4_BBp0_0_1_2_2_3_4_k14_d10	180
SmallGroup_6_1_	2	18	100000	SmallGroup_6_1__AAp14_0_0_0_1_2_3_BBp27_0_0_1_2_4_5_k2_d18	216
SmallGroup_6_1_	4	17	100000	SmallGroup_6_1__AAp10_0_0_1_2_3_3_BBp14_0_0_0_1_3_5_k4_d17	216
SmallGroup_6_1_	6	16	100000	SmallGroup_6_1__AAp27_0_1_1_1_2_4_BBp27_0_1_2_2_4_5_k6_d16	216
SmallGroup_6_1_	8	16	100000	SmallGroup_6_1__AAp10_0_2_2_2_3_5_BBp27_0_1_2_2_4_5_k8_d16	216
SmallGroup_6_1_	10	12	100000	SmallGroup_6_1__AAp27_0_1_2_2_4_5_BBp29_0_1_2_2_3_5_k10_d12	216
SmallGroup_6_1_	12	12	100000	SmallGroup_6_1__AAp10_0_0_1_2_3_3_BBp27_0_1_2_2_3_5_k12_d12	216
SmallGroup_6_1_	14	12	100000	SmallGroup_6_1__AAp27_0_1_2_2_3_5_BBp27_0_1_2_2_4_5_k14_d12	216
SmallGroup_6_1_	16	12	100000	SmallGroup_6_1__AAp27_0_1_2_2_3_5_BBp29_0_0_1_1_3_5_k16_d12	216
SmallGroup_6_2_	2	18	100000	SmallGroup_6_2__AAp12_0_0_0_2_3_3_BBp11_0_0_1_2_2_3_k2_d18	216
SmallGroup_6_2_	4	18	100000	SmallGroup_6_2__AAp10_0_3_3_4_5_5_BBp14_0_0_0_5_5_5_k4_d18	216
SmallGroup_6_2_	6	16	100000	SmallGroup_6_2__AAp12_0_0_0_1_3_5_BBp6_0_1_2_4_5_5_k6_d16	216
SmallGroup_6_2_	8	16	100000	SmallGroup_6_2__AAp10_0_1_2_2_4_5_BBp8_0_0_0_1_3_4_k8_d16	216
SmallGroup_6_2_	10	14	100000	SmallGroup_6_2__AAp6_0_0_1_1_2_3_BBp6_0_1_2_4_5_5_k10_d14	216
SmallGroup_6_2_	12	12	100000	SmallGroup_6_2__AAp6_0_1_2_2_3_5_BBp8_0_0_0_1_2_5_k12_d12	216
SmallGroup_6_2_	14	12	100000	SmallGroup_6_2__AAp6_0_2_3_3_4_5_BBp15_0_0_1_1_2_4_k14_d12	216
SmallGroup_6_2_	16	12	100000	SmallGroup_6_2__AAp6_0_1_2_2_3_4_BBp6_0_1_2_3_3_4_k16_d12	216
SmallGroup_7_1_	2	21	100000	SmallGroup_7_1__AAp11_0_0_1_3_4_6_BBp8_0_2_3_5_5_6_k2_d21	252
SmallGroup_7_1_	4	20	100000	SmallGroup_7_1__AAp6_0_0_0_1_2_3_BBp8_0_2_3_5_5_6_k4_d20	252
SmallGroup_7_1_	6	20	100000	SmallGroup_7_1__AAp24_0_0_2_3_6_6_BBp10_0_2_2_3_4_6_k6_d20	252
SmallGroup_7_1_	8	18	100000	SmallGroup_7_1__AAp6_0_0_0_1_2_3_BBp6_0_2_3_5_5_6_k8_d18	252
SmallGroup_7_1_	10	17	100000	SmallGroup_7_1__AAp11_0_0_1_1_3_4_BBp6_0_0_0_4_5_6_k10_d17	252
SmallGroup_7_1_	12	16	100000	SmallGroup_7_1__AAp10_0_1_2_2_4_6_BBp25_0_0_1_3_4_6_k12_d16	252
SmallGroup_7_1_	14	14	100000	SmallGroup_7_1__AAp6_0_0_1_2_2_5_BBp6_0_0_0_2_3_6_k14_d14	252
SmallGroup_7_1_	16	14	100000	SmallGroup_7_1__AAp6_0_1_2_4_5_6_BBp11_0_1_2_2_4_6_k16_d14	252
SmallGroup_8_1_	2	25	100000	SmallGroup_8_1__AAp11_0_0_1_4_7_7_BBp12_0_1_3_4_5_6_k2_d25	288
SmallGroup_8_1_	4	23	100000	SmallGroup_8_1__AAp27_0_4_5_5_6_7_BBp12_0_3_3_4_7_7_k4_d23	288
SmallGroup_8_1_	6	22	100000	SmallGroup_8_1__AAp27_0_1_2_2_3_7_BBp11_0_0_1_3_4_7_k6_d22	288
SmallGroup_8_1_	8	20	100000	SmallGroup_8_1__AAp27_0_1_2_2_3_4_BBp12_0_0_2_4_4_6_k8_d20	288
SmallGroup_8_1_	10	20	100000	SmallGroup_8_1__AAp27_0_1_2_2_3_4_BBp12_0_2_2_4_5_6_k10_d20	288
SmallGroup_8_1_	12	18	100000	SmallGroup_8_1__AAp29_0_0_1_1_4_6_BBp11_0_0_1_3_6_7_k12_d18	288
SmallGroup_8_1_	14	16	100000	SmallGroup_8_1__AAp29_0_0_1_1_4_6_BBp8_0_3_4_4_6_6_k14_d16	288
SmallGroup_8_2_	2	25	100000	SmallGroup_8_2__AAp11_0_4_4_5_6_7_BBp27_0_2_2_5_6_7_k2_d25	288
SmallGroup_8_2_	4	23	100000	SmallGroup_8_2__AAp11_0_1_4_5_6_7_BBp11_0_2_2_3_4_7_k4_d23	288
SmallGroup_8_2_	6	22	100000	SmallGroup_8_2__AAp11_0_1_2_3_4_5_BBp6_0_2_3_5_6_7_k6_d22	288
SmallGroup_8_2_	8	20	100000	SmallGroup_8_2__AAp11_0_1_1_3_6_7_BBp6_0_1_2_3_5_7_k8_d20	288
SmallGroup_8_2_	10	20	100000	SmallGroup_8_2__AAp11_0_1_1_3_4_7_BBp6_0_1_2_3_5_7_k10_d20	288
SmallGroup_8_2_	12	18	100000	SmallGroup_8_2__AAp6_0_0_4_5_6_7_BBp11_0_1_1_2_4_7_k12_d18	288
SmallGroup_8_2_	14	16	100000	SmallGroup_8_2__AAp12_0_1_2_3_4_6_BBp16_0_1_2_4_5_7_k14_d16	288
SmallGroup_8_2_	16	16	100000	SmallGroup_8_2__AAp27_0_1_2_2_4_6_BBp3_0_1_4_5_6_7_k16_d16	288
SmallGroup_8_3_	2	23	100000	SmallGroup_8_3__AAp11_0_0_1_3_4_4_BBp27_0_1_2_2_4_5_k2_d23	288
SmallGroup_8_3_	4	22	100000	SmallGroup_8_3__AAp27_0_1_2_2_3_6_BBp11_0_0_2_4_5_6_k4_d22	288
SmallGroup_8_3_	6	19	100000	SmallGroup_8_3__AAp11_0_1_2_3_4_4_BBp19_0_1_2_2_3_5_k6_d19	288
SmallGroup_8_3_	8	19	100000	SmallGroup_8_3__AAp11_0_1_2_3_4_6_BBp20_0_1_2_4_5_7_k8_d19	288
SmallGroup_8_3_	10	16	100000	SmallGroup_8_3__AAp11_0_0_1_2_4_5_BBp6_0_1_2_2_4_6_k10_d16	288
SmallGroup_8_3_	12	17	100000	SmallGroup_8_3__AAp11_0_1_2_3_5_6_BBp6_0_1_2_2_4_5_k12_d17	288
SmallGroup_8_3_	16	16	100000	SmallGroup_8_3__AAp11_0_1_2_3_4_6_BBp6_0_3_5_5_6_6_k16_d16	288
SmallGroup_8_4_	2	25	100000	SmallGroup_8_4__AAp11_0_1_2_3_6_7_BBp11_0_1_2_4_5_6_k2_d25	288
SmallGroup_8_4_	4	24	100000	SmallGroup_8_4__AAp11_0_1_4_5_6_7_BBp24_0_1_2_4_5_6_k4_d24	288
SmallGroup_8_4_	6	21	100000	SmallGroup_8_4__AAp15_0_1_2_2_4_7_BBp15_0_3_4_6_6_7_k6_d21	288
SmallGroup_8_4_	8	20	100000	SmallGroup_8_4__AAp6_0_0_1_1_2_4_BBp15_0_0_1_2_4_7_k8_d20	288
SmallGroup_8_4_	10	16	100000	SmallGroup_8_4__AAp11_0_3_4_5_5_6_BBp12_0_1_2_3_4_5_k10_d16	288
SmallGroup_8_4_	12	18	100000	SmallGroup_8_4__AAp12_0_1_2_3_4_5_BBp6_0_0_1_2_2_5_k12_d18	288
SmallGroup_8_4_	14	16	100000	SmallGroup_8_4__AAp15_0_0_2_4_5_6_BBp8_0_0_1_1_2_6_k14_d16	288
SmallGroup_8_4_	16	16	100000	SmallGroup_8_4__AAp15_0_0_1_1_2_6_BBp6_0_1_2_2_5_7_k16_d16	288
SmallGroup_8_5_	4	20	100000	SmallGroup_8_5__AAp11_0_0_1_2_2_7_BBp11_0_0_1_2_3_5_k4_d20	288
SmallGroup_8_5_	8	20	100000	SmallGroup_8_5__AAp11_0_0_1_2_2_3_BBp6_0_1_2_3_4_5_k8_d20	288
SmallGroup_8_5_	12	17	100000	SmallGroup_8_5__AAp11_0_1_3_4_5_7_BBp6_0_1_2_3_4_5_k12_d17	288
SmallGroup_8_5_	16	19	100000	SmallGroup_8_5__AAp6_0_1_2_3_4_5_BBp6_0_1_2_4_5_7_k16_d19	288
SmallGroup_9_1_	2	21	200000	SmallGroup_9_1__AAp27_0_1_2_2_3_4_BBp27_0_2_3_6_6_7_k2_d21	324
SmallGroup_9_1_	4	22	200000	SmallGroup_9_1__AAp27_0_1_2_2_3_4_BBp6_0_2_6_7_7_8_k4_d22	324
SmallGroup_9_1_	6	20	12000000	SmallGroup_9_1__AAp27_0_2_3_3_5_6_BBp11_0_0_1_3_3_4_k6_d20	324
SmallGroup_9_1_	8	19	100000	SmallGroup_9_1__AAp6_0_1_3_3_4_5_BBp11_0_0_1_3_3_7_k8_d19	324
SmallGroup_9_1_	18	18	100000	SmallGroup_9_1__AAp27_0_1_2_2_6_7_BBp0_0_1_2_2_3_7_k18_d18	324
SmallGroup_9_2_	2	24	6000000	SmallGroup_9_2__AAp11_0_0_1_1_2_7_BBp11_0_1_2_3_4_8_k2_d25	324
SmallGroup_9_2_	4	24	200000	SmallGroup_9_2__AAp10_0_1_1_2_4_6_BBp11_0_0_1_1_2_7_k4_d24	324
SmallGroup_9_2_	6	19	100000	SmallGroup_9_2__AAp11_0_0_1_2_3_6_BBp11_0_0_1_1_4_5_k6_d19	324
SmallGroup_9_2_	8	22	24000000	SmallGroup_9_2__AAp10_0_1_4_4_5_6_BBp10_0_1_1_5_7_8_k8_d22	324
SmallGroup_9_2_	10	18	400000	SmallGroup_9_2__AAp11_0_1_3_4_5_8_BBp11_0_0_1_2_2_6_k10_d18	324
SmallGroup_9_2_	12	18	100000	SmallGroup_9_2__AAp10_0_1_1_2_4_6_BBp10_0_1_2_4_5_7_k12_d18	324
